tmfc_d,tmfc_h,pm10,co2,hcho,tab,co,pm25,no2,rn,voc,pm25_2,mold
2019-06-08,9,4.8,405,6.6,,2.6,,,,,,
2019-06-08,9,6.7,411,11.4,,2.7,,,,,,
2019-05-17,10,34,893,22,,0.5,,0.021,26.5,106.2,,
2019-05-17,10,36.3,729,20.1,,0.5,,0.012,24.2,131.4,,
2019-04-03,9,69.2,609,17.6,,0.9,,,,,,
2019-04-03,9,50.3,674,14.3,,0.9,,,,,,
2019-06-18,10,40.2,488,68.3,,1.5,,,,,,
2019-06-18,10,42.5,517,75.2,,1.4,,,,,,
2019-04-09,9,21.4,404,6.9,,0.8,,,,,,
2019-04-09,9,25.6,400,14.7,,1,,,,,,
2019-07-11,17,63.2,498,16.1,,0.4,,,,,,
2019-07-11,10,61.4,488,15.2,,0.3,,,,,,
2019-05-24,9,10.5,621,36.9,,0.6,,,,,,
2019-05-24,9,22.3,729,25.6,,0.4,,,,,,
2019-06-11,10,53.9,774,64.2,,1.1,,0.013,15.1,800.4,,
2019-06-11,10,43.9,751,92.3,,1.1,,0.017,94.8,527.4,,
2019-08-09,10,32.4,521,15.6,,0.8,,,,,,
2019-08-09,10,54.3,545,65,,0.9,,,,,,
2019-05-23,9,49.7,533,12.7,,0.5,,0.027,32.5,332.3,,
2019-05-23,9,40.3,490,23.4,,0.4,,0.025,60.9,137.2,,
2019-12-19,10,27.1,468,3.7,,1.9,,,,,,
2019-12-19,11,15.8,549,8.2,,1.8,,,,,,
2019-03-26,10,43.7,490,17.5,,3.2,,,,,,
2019-03-26,10,40.4,499,24.1,,3,,,,,,
2019-06-04,8,31.2,552,22.1,,0.4,,,,,,
2019-06-04,8,35.1,566,22,,0.5,,,,,,
2019-04-01,10,66.1,362,10.3,,1.6,,0.003,27.5,88.8,,
2019-04-01,10,53.3,353,9.5,,1.6,,0.004,27.1,127.5,,
2019-03-11,9,52,803,17.8,,1.7,,0.006,38.9,95.5,,
2019-03-11,9,13.4,781,15.7,,2,,0.014,55.7,330,,
2019-03-11,8,10,814,50.3,,2,,0.007,61.5,43.7,,
2019-03-11,8,22.9,736,31,,2,,0.011,47.6,7.7,,
2019-03-11,8,46.1,692,11.3,,1.6,,0.027,55.2,161.9,,
2019-03-11,8,53.9,932,22.8,,2,,0.025,26.7,38.8,,
2019-04-30,10,64.4,529,56,,0.4,,0.025,14.3,260.8,,
2019-04-30,10,68.1,570,95.7,,0.4,,0.032,7.9,311.7,,
2019-03-26,9,42.5,643,22,,1.1,,,,,,
2019-03-26,9,40.8,675,16,,0.8,,,,,,
2019-05-28,10,65.2,633,20.5,,0.9,,,,,,
2019-05-28,10,76.3,641,17.1,,1,,,,,,
2019-08-29,13,9.2,607,139.5,,0.4,,0.017,26.8,245.3,,
2019-08-29,13,14.2,644,170.4,,0.5,,0.019,26.5,283.3,,
2019-06-05,8,23.3,634,59.5,,2.1,,,,,,
2019-06-05,8,32.4,544,45,,1.3,,,,,,
2019-06-07,10,33,562,96.3,,1.1,,0.028,30.3,136.7,,
2019-06-07,10,37.8,672,73.6,,1,,0.027,29.3,99.1,,
2019-05-31,10,30.8,725,26.7,,1.8,,0.016,76.6,295.5,,
2019-05-31,10,33.8,776,41.3,,1.7,,0.016,49.2,320.2,,
2019-05-13,9,47.2,545,24.1,,1,,0.015,11.9,75.3,,
2019-05-13,10,31.5,678,80.9,,1.3,,0.016,37.8,186.1,,
2019-05-16,11,30.1,776,32.3,,0.4,,,,,,
2019-05-16,11,35.2,826,65.7,,0.5,,,,,,
2019-05-28,10,47.8,551,58.8,,0.5,,,,,,
2019-05-28,10,50,530,94.3,,0.5,,,,,,
2019-03-13,9,43.6,563,17.9,,0.9,,,,,,
2019-03-13,9,52.7,542,24.4,,1,,,,,,
2019-03-13,9,54.5,604,18.6,,0.5,,0.025,15.7,74.3,,
2019-03-13,9,51.9,574,17.5,,0.4,,0.024,27.7,136.2,,
2019-06-17,16,39.5,652,49.2,,0.4,,0.01,49,374.3,,
2019-06-17,17,36.5,627,43.3,,0.3,,0.008,25,228.2,,
2019-05-03,10,13.3,424,14.1,,1.3,,,,,,
2019-05-03,10,29.8,512,27.6,,1.2,,,,,,
2019-05-03,10,23.6,537,27.6,,1.1,,,,,,
2019-05-03,10,37.7,957,27.1,,1.7,,,,,,
2019-06-21,8,30.5,635,4.2,,2.7,,0.015,37.3,94.6,,
2019-06-21,8,30.1,743,5,,3.4,,0.013,39.5,138.9,,
2019-03-20,9,35.3,794,41.3,,0.8,,,,,,
2019-03-20,9,12.7,662,40,,0.9,,,,,,
2019-04-11,9,26.6,475,29,,2.4,,,,,,
2019-04-11,9,23.4,412,25.7,,2.2,,,,,,
2019-05-30,10,52,457,66,,0.5,,,,,,
2019-05-30,10,52.3,465,48.4,,0.5,,,,,,
2019-05-14,10,32.5,592,29.3,,1.2,,0.014,19.3,391.4,,
2019-05-14,10,28.7,622,42.9,,1.2,,0.016,35.1,486.8,,
2019-02-01,11,81,764,7.5,,1.9,,0.01,25.9,30.3,,
2019-02-01,11,79.7,698,5.6,,1.4,,0.005,11.1,11.8,,
2019-02-01,10,80.5,684,7.3,,2.2,,0.008,33.3,239.5,,
2019-02-01,10,89.1,651,5.2,,1.8,,0.006,44.4,69.3,,
2019-05-15,10,45,632,8.8,,0.9,,0.008,14.8,24.8,,
2019-05-15,10,39.9,626,20,,1.1,,0.01,14.6,20.6,,
2019-05-29,9,57.4,406,8.6,,1,,0.024,39,214.8,,
2019-05-29,9,49.3,439,15,,0.9,,0.018,32.3,207.6,,
2019-05-20,9,40.1,549,25.1,,1,,0.011,27.1,27.7,,
2019-05-20,9,44,568,36.3,,0.9,,0.01,38,28,,
2019-05-30,10,52.5,488,36.6,,0.5,,,,,,
2019-05-30,10,50.8,443,31.8,,0.5,,,,,,
2019-04-01,10,55.9,404,6.2,,0.5,,0.018,14.8,0,,
2019-04-01,10,54.3,401,7,,0.5,,0.016,14.8,0,,
2019-04-01,10,59.7,404,8.4,,0.5,,,,,,
2019-04-01,10,54.8,411,6,,0.5,,,,,,
2019-03-22,10,41.7,459,12.5,,1.6,,,,,,
2019-03-22,10,38.7,473,6.9,,1.4,,,,,,
2019-04-18,10,64.6,475,27.3,,1.3,,0.015,17.4,415.9,,
2019-04-18,10,63.5,542,68.5,,1.4,,0.017,20.5,462.5,,
2019-06-19,9,47.7,503,14.4,,1.1,,0.021,12.6,154,,
2019-06-19,9,41.7,521,15,,1.6,,0.023,13.4,153.6,,
2019-04-15,9,44,424,7.7,,2.1,,,,,,
2019-04-15,9,29.5,565,23.2,,2.4,,,,,,
2019-06-04,8,39.8,308,54.6,,0.6,,,,,,
2019-06-04,8,37.1,293,42.5,,0.7,,,,,,
2019-05-03,10,40.8,630,14.3,,0.8,,0.016,59,50.6,,
2019-05-03,10,44,606,18.2,,0.7,,0.015,43,43.7,,
2019-02-19,9,42.3,796,26.3,,0.5,,0.013,52.1,257.8,,
2019-02-19,9,94.5,659,32.4,,0.6,,0.018,61.9,305.5,,
2019-03-21,9,30.7,598,26.4,,0.7,,0.025,32.2,390.6,,
2019-03-21,9,26.3,775,25.3,,0.8,,0.031,44.5,379.2,,
2019-05-20,10,29.3,848,21.1,,0.7,,,,,,
2019-05-20,10,25.7,811,50.4,,0.7,,,,,,
2019-03-13,10,40.7,842,25.8,,1.3,,0.012,70.1,321.3,,
2019-03-13,10,58,832,33.1,,1.5,,0.023,55.7,344.9,,
2019-07-04,9,35.3,714,32.3,,0.5,,0.015,52.3,106.2,,
2019-07-04,9,40.2,819,27,,0.7,,0.014,45,144.7,,
2019-06-13,10,63.9,467,58.6,,3.8,,,,,,
2019-06-13,11,68.3,875,74.9,,4.3,,,,,,
2019-06-12,9,50.5,522,17.3,,1.1,,0.037,14.7,85.4,,
2019-06-12,9,36.1,745,40.9,,1.6,,0.022,36.1,210.9,,
2019-04-29,10,30.2,653,19.8,,0.8,,0.043,22.2,38.5,,
2019-04-29,9,32.9,526,25.8,,0.9,,0.037,27,59.2,,
2019-04-16,9,46.6,548,3.1,,2.1,,,,,,
2019-04-16,9,41.4,797,14.7,,2.3,,,,,,
2019-02-08,10,103.4,668,6,,1.3,,,,,,
2019-02-08,10,108.1,741,8.3,,0.8,,,,,,
2019-06-25,10,46.9,507,41.3,,1.5,,,,,,
2019-06-25,10,41.7,512,46.2,,1.7,,,,,,
2019-06-25,10,40.3,511,72.5,,1.5,,,,,,
2019-06-25,10,39.2,538,73.3,,1.7,,,,,,
2019-05-29,9,27.2,756,19.5,,0.6,,0.016,35.9,125.8,,
2019-05-29,9,33.4,628,15,,1,,0.017,19.8,87,,
2019-06-21,13,47.4,672,29.4,,1,,,,,,
2019-06-21,13,38.9,555,16.3,,0.8,,,,,,
2019-05-02,12,31.5,553,15.5,,1,,,,,,
2019-05-02,12,29.4,582,20,,1.2,,,,,,
2019-06-12,17,,,0,,,,0.017,17.5,8.2,,
2019-06-12,18,,,0,,,,0.011,28,139.4,,
2019-03-28,9,46.8,682,9.9,,1,,,,,,
2019-03-28,9,56.8,693,8.6,,1,,,,,,
2019-03-27,10,42.7,531,17.3,,1.5,,0.016,19.5,62.7,,
2019-03-27,10,134.6,387,25.2,,1.8,,0.012,11.8,546.3,,
2019-07-24,8,42.9,793,56,,1,,0.004,115.1,286.8,,
2019-07-24,9,40.7,626,39.2,,0.9,,0.015,86.9,195.5,,
2019-03-25,10,33.5,570,17.6,,2.7,,0.014,28.1,26.8,,
2019-03-25,10,32.6,483,15.5,,3.1,,0.011,16.4,4.2,,
2019-06-25,8,30.8,428,13.7,,0.2,,,,,,
2019-06-25,8,24.5,590,45.6,,0.4,,,,,,
2019-03-26,9,13.5,651,22,,1.9,,0.008,11.9,27.1,,
2019-03-26,9,10.7,594,17.9,,2,,0.01,14.5,20.5,,
2019-05-03,8,17,562,29.5,,0.5,,0.008,22.2,77.8,,
2019-05-03,8,27.6,704,14.5,,0.3,,0.007,26.5,15.1,,
2019-04-29,10,16.5,345,3.7,,1.1,,0.013,61.4,44.5,,
2019-04-25,9,33.9,533,5.1,,1.9,,0.006,33.3,14.9,,
2019-04-25,9,39.5,465,3.8,,2.5,,0.024,45.3,14.8,,
2019-05-03,10,56.6,551,12.6,,0.6,,0.026,11.1,0,,
2019-05-03,10,50,458,31.5,,0.5,,0.021,7.4,0,,
2019-04-10,10,45.1,410,36,,0.8,,0.016,11.1,0,,
2019-04-10,10,44,423,33.2,,0.7,,0.016,11.1,0,,
2019-05-16,9,38.3,772,17.7,,1,,0.016,45.5,108.7,,
2019-05-16,9,41.1,738,18.9,,1.1,,0.015,43.8,82.8,,
2019-06-12,8,44.5,628,19.5,,0.6,,0.013,41.7,13,,
2019-06-12,8,41.4,717,25.5,,0.8,,0.023,31.1,13.2,,
2019-06-19,9,40.8,679,6.8,,0.4,,0.012,32.1,7.2,,
2019-06-19,9,36.2,773,5.5,,0.6,,0.016,31.7,10.4,,
2019-05-28,10,47.8,485,61.1,,0.5,,,,,,
2019-05-28,10,47.5,495,83.8,,0.5,,,,,,
2019-05-16,9,44.9,668,21.5,,0.9,,0.014,42.2,107.2,,
2019-05-16,9,35.7,726,42.1,,1.3,,0.017,140.8,125.9,,
2019-05-16,9,41.5,782,48.6,,1.5,,0.014,54.9,125.2,,
2019-05-03,10,45.1,420,9.4,,0.5,,0.023,7.4,0,,
2019-05-03,10,43.4,431,19.7,,0.5,,0.022,7.4,0,,
2019-06-22,10,50.6,516,26.5,,0.9,,,,,,
2019-06-22,10,47.7,477,8.6,,0.7,,,,,,
2019-05-23,10,63.2,414,17.5,,1.9,,,,,,
2019-05-23,10,66.7,364,19.8,,2.2,,,,,,
2019-04-25,9,33.9,533,5.1,,1.9,,0.006,33.3,14.9,,
2019-04-25,9,39.5,465,3.8,,2.5,,0.024,5.3,14.8,,
2019-04-08,11,43.5,682,19.2,,0.8,,,,,,
2019-04-08,11,49.1,550,24.3,,0.8,,,,,,
2019-03-15,9,48.7,558,8.8,,1.1,,,,,,
2019-03-15,9,42.8,625,9.9,,1.2,,,,,,
2019-03-12,9,14.5,573,26.7,,2.1,,,,,,
2019-03-12,9,77.7,511,15.2,,1.9,,,,,,
2019-03-12,10,34.6,638,24.9,,2.5,,0.033,50,79,,
2019-03-12,10,61.7,745,17.9,,2.4,,0.022,80,207.8,,
2019-03-21,9,44.6,660,18.5,,2.2,,0.02,28.4,180.1,,
2019-03-21,9,39.6,496,20.3,,2.1,,0.01,59.6,91.8,,
2019-03-21,9,41.3,576,20.9,,2.2,,0.01,24.8,249.2,,
2019-05-26,9,72.5,684,20.8,,1.7,,0.014,,208.1,,
2019-05-26,9,70.3,672,19.1,,1.4,,0.013,,255,,
2019-05-26,9,,,0,,,,,119,,,
2019-05-26,9,,,0,,,,,122,,,
2019-06-14,10,39.9,348,4.1,,1.5,,0.012,46.3,111.4,,
2019-06-14,10,39.2,252,2.7,,1.4,,0.009,40.3,293.7,,
2019-07-11,17,50.8,361,6.8,,1.8,,0.013,59.1,105.1,,
2019-07-11,17,47.7,518,16.6,,2,,0.022,52.1,219.5,,
2019-05-28,17,51.8,798,3.9,,0.9,,0.02,19.6,128,,
2019-05-28,9,43.1,535,6.8,,0.7,,0.01,18.5,163.6,,
2019-04-26,10,41.8,614,23.7,,0.4,,0.012,52.6,102.3,,
2019-04-26,10,36.7,615,21.5,,0.4,,0.011,54.6,144.9,,
2019-06-25,11,48.5,631,22.9,,0.4,,0.016,17.8,261.6,,
2019-06-25,11,44.7,597,22.8,,0.6,,0.012,20.5,264.3,,
2019-04-29,10,32,606,68.3,,0.6,,0.013,45.4,171.1,,
2019-04-29,10,25.6,630,31.8,,0.8,,0.013,50.1,277,,
2019-03-13,9,20,831,10.8,,0,,,,,,
2019-03-13,11,26.1,756,10,,0,,,,,,
2019-06-20,10,44.8,635,58.3,,1.1,,,,,,
2019-06-20,10,46.6,688,47.8,,1,,,,,,
2019-04-30,10,41.1,569,64.4,,0.2,,0.008,39.8,11.5,,
2019-04-30,10,48.8,387,49.8,,0.2,,0.055,37,4.9,,
2019-05-21,9,81.8,675,28,,1.3,,,,,,
2019-05-21,9,92.1,602,21.4,,1.2,,,,,,
2019-08-29,9,29.5,444,22.5,,0.8,,,,,,
2019-08-29,11,30.3,510,9.5,,0.9,,,,,,
2019-04-23,9,49.3,533,57,,1.5,,,,,,
2019-04-23,9,59.6,478,59.1,,1.2,,,,,,
2019-05-08,8,29.6,345,38.9,,0.6,,,,,,
2019-05-08,8,19.9,451,15.9,,0.8,,,,,,
2019-04-09,9,73,579,9.9,,1.4,,,,,,
2019-04-09,9,72.6,562,12.8,,1,,,,,,
2019-02-13,14,69.2,723,4.6,,1.4,,,,,,
2019-02-13,14,79.7,797,21.2,,1.5,,,,,,
2019-05-03,10,49.9,427,41,,0.7,,,,,,
2019-05-03,10,51,477,14.7,,0.7,,,,,,
2019-02-14,14,60.3,668,11.6,,0.9,,,,,,
2019-02-14,14,47,737,28.9,,1,,,,,,
2019-04-26,9,44.5,692,18.9,,0.7,,0.008,,185.9,,
2019-04-26,9,43.4,529,13,,0.6,,0.009,,52.3,,
2019-02-15,15,58.8,986,23.6,,1,,,,,,
2019-02-15,15,74.2,971,23.4,,1.2,,,,,,
2019-04-03,9,44.9,504,15.4,,0.6,,0.027,62.9,121.7,,
2019-04-03,9,49.2,608,9.5,,0.4,,0.023,76.9,200.7,,
2019-06-24,9,59,626,88.1,,1.2,,,,,,
2019-06-24,9,62,527,91.4,,1,,,,,,
2019-04-03,8,64.6,589,19.6,,1,,0.001,19.6,262.1,,
2019-04-03,8,57.2,785,19.8,,1.2,,0.002,15.9,284.6,,
2019-04-03,8,58,513,20.9,,0.1,,0.002,9.6,231,,
2019-04-03,8,60.5,597,20.2,,0.1,,0.001,9.4,276.9,,
2019-05-09,9,52.7,579,26.7,,1.1,,,,,,
2019-05-09,9,53.7,613,39.9,,1.2,,,,,,
2019-04-05,9,60.4,711,25,,1.5,,,,,,
2019-04-05,9,53,634,28.4,,1.8,,,,,,
2019-07-08,9,26.7,952,46.9,,0.9,,,,,,
2019-07-08,9,30.9,598,17.3,,0.8,,,,,,
2019-06-27,9,33.7,964,96.3,,1.1,,0.015,21.4,363,,
2019-06-27,9,49.6,583,52.7,,1.2,,0.015,26,156.9,,
2019-03-27,10,39.6,619,16.4,,1,,,,,,
2019-03-27,10,54.7,538,15.9,,0.1,,,,,,
2019-06-25,8,48.4,738,42,,1.2,,0,0,0,,
2019-06-25,8,42.3,769,31.2,,1.3,,0,0,0,,
2019-05-14,10,37.1,823,57.2,,1.5,,0.04,30,99.3,,
2019-05-14,10,9.5,698,36,,1.7,,0.05,38,85.5,,
2019-05-08,9,36.7,409,19.5,,1.4,,0.015,27.4,227.2,,
2019-05-08,9,38.9,392,18.7,,1.5,,0.014,26.3,197.8,,
2019-03-27,9,59.1,559,32,,0.5,,,,,,
2019-03-27,9,56.9,522,44.1,,0.6,,,,,,
2019-06-08,9,24.8,801,14,,1.8,,0.019,22,165.6,,
2019-06-08,9,29.9,520,16.6,,2,,0.016,12.3,125.2,,
2019-03-29,9,64.6,624,34.9,,0.2,,0.017,31.2,340.7,,
2019-03-29,9,66.9,575,40.2,,0.3,,0.018,14.5,232.2,,
2019-04-02,9,43.7,783,19.2,,0.4,,0.013,18.5,204.7,,
2019-04-02,9,46.2,831,18.4,,0.5,,0.013,18.5,235.8,,
2019-05-07,9,41.3,502,23,,0.2,,,,,,
2019-05-07,9,36.1,534,18.6,,0.2,,,,,,
2019-06-03,9,47.3,660,15.7,,0.3,,,,,,
2019-06-03,9,45.6,631,19.5,,0.6,,,,,,
2019-06-16,9,55.1,496,31.2,,0.3,,0,0,0,,
2019-06-16,9,49.2,413,34.8,,0.1,,0,0,0,,
2019-01-25,9,43.1,716,10.7,,0.5,,,,,,
2019-01-25,9,40.6,673,16.8,,0.4,,,,,,
2019-03-08,9,35.9,682,13.8,,0.2,,0.004,11.1,267,,
2019-03-08,9,45.8,880,12.8,,0.2,,0.003,22.2,170.6,,
2019-05-15,9,38.7,787,13.5,,0.5,,0.003,21.1,122.6,,
2019-05-15,9,37.7,764,17.7,,0.2,,0.002,23.7,104.1,,
2019-06-17,9,31.2,529,21.1,,0.4,,0.02,28.6,73.4,,
2019-06-17,9,33.5,585,32.1,,0.2,,0.029,18.2,93.1,,
2019-06-25,10,41,510,24.7,,1.9,,,,,,
2019-06-25,10,41.9,542,25.2,,1.7,,,,,,
2019-05-28,10,40.4,629,15.1,,0.3,,,,,,
2019-05-28,10,48.8,731,29.7,,0.6,,,,,,
2019-05-28,10,52.8,658,19.8,,0.7,,,,,,
2019-06-12,9,26.6,837,57.1,,2.1,,0.02,21.2,68.4,,
2019-06-12,9,29.3,806,42.4,,1.8,,0.018,16.2,38.1,,
2019-06-18,9,28.2,1817,35.2,,1.1,,0.016,14.7,170.2,,
2019-06-18,9,30.9,1201,36.1,,1,,0.015,12.8,176,,
2019-06-18,10,32.9,645,21.3,,1,,0.02,9.1,56.6,,
2019-06-18,10,27.3,1196,52.2,,0.6,,0.018,20.7,103.4,,
2019-03-27,10,68.3,689,19.2,,1.2,,0.011,90,116.8,,
2019-03-27,10,71.8,704,25.5,,1.2,,0.011,60,103,,
2019-05-07,10,46.3,658,51.2,,1,,,,,,
2019-05-07,10,54.3,626,35.4,,1.7,,,,,,
2019-06-13,12,49.1,753,23.6,,1.8,,0.018,9.9,70.1,,
2019-06-13,12,39.1,840,29.8,,2.2,,0.02,9.6,72,,
2019-03-25,11,45.2,818,21.1,,4.3,,0.013,22.2,196.3,,
2019-03-25,11,40.8,825,16.7,,4.2,,0.017,59.6,119.7,,
2019-06-11,12,43.3,574,16.3,,1,,,,,,
2019-06-11,12,38.3,594,50.8,,1.3,,,,,,
2019-06-11,9,41.4,593,53.1,,1.3,,,,,,
2019-06-11,9,39,588,30.6,,1.2,,,,,,
2019-03-06,9,35.9,657,62.7,,0.7,,,,,,
2019-03-06,10,37.5,692,49.4,,0.9,,,,,,
2019-05-09,10,63.9,672,62,,0.8,,0.027,16.4,164,,
2019-05-09,10,57.9,658,69.6,,0.7,,0.019,13.3,107.4,,
2019-06-19,9,31.4,539,22.9,,0.4,,0.017,8.9,57.1,,
2019-06-19,9,27.3,927,27.3,,0.6,,0.017,14.4,111.2,,
2019-06-19,8,47.2,726,90.8,,0.9,,,,,,
2019-06-19,8,43.7,811,35,,0.7,,,,,,
2019-04-11,9,36.9,638,18.7,,0.9,,,,,,
2019-04-11,9,85.5,552,19.7,,0.9,,,,,,
2019-04-12,10,45.6,917,17.1,,1.3,,0.024,26,76.2,,
2019-04-12,10,46,680,18.6,,1.3,,0.023,37,63.3,,
2019-06-10,9,36.1,719,14.5,,0.6,,,,,,
2019-06-10,9,38,806,29.8,,0.9,,,,,,
2019-06-13,9,46.6,613,19.2,,1.6,,0.014,49.6,20.5,,
2019-06-13,9,49.4,433,17.6,,1.8,,0.017,49.6,55,,
2019-01-25,10,35.3,828,21.6,,0.7,,,,,,
2019-01-25,10,64.9,844,25.1,,0.9,,,,,,
2019-05-14,9,24.9,651,33.6,,1.3,,,,,,
2019-05-14,9,45.6,575,42.6,,1.5,,,,,,
2019-06-11,10,52.5,439,25,,1.1,,,,,,
2019-06-11,10,52.9,499,33.7,,1,,,,,,
2019-03-25,16,42.3,847,17.9,,4.3,,0.015,21.4,214.6,,
2019-03-25,16,44.5,834,17.4,,3.8,,0.019,23.9,193.3,,
2019-07-12,9,43.6,729,20.9,,1.3,,,,,,
2019-07-12,9,48.1,765,26.9,,1.6,,,,,,
2019-06-19,10,15.6,1025,68,,0.3,,0.012,15.6,187.7,,
2019-06-19,10,17,852,81.8,,0.4,,0.014,23.2,234.4,,
2019-05-14,9,26.4,496,11.9,,0.5,,,,,,
2019-05-14,9,31.3,590,11.1,,0.4,,,,,,
2019-05-21,11,50.5,453,19.6,,0.4,,,,,,
2019-05-21,11,48.7,517,25.2,,0.5,,,,,,
2019-03-28,9,66.3,617,14.8,,1.3,,,,,,
2019-03-28,9,68.1,674,30.2,,1.2,,,,,,
2019-03-28,9,67.1,774,28.4,,1.2,,,,,,
2019-03-28,9,64.8,748,42.7,,1.2,,,,,,
2019-06-25,10,47.8,488,52.7,,1.6,,0.024,22.2,0,,
2019-06-25,10,40.4,511,41.2,,1.5,,0.026,18.5,0,,
2019-02-15,10,21.4,718,27,,2.1,,,,,,
2019-02-15,10,37.1,796,23.8,,2.2,,,,,,
2019-06-12,9,44.4,785,9.9,,0.7,,,,,,
2019-06-12,9,48.4,805,22,,0.6,,,,,,
2019-06-19,16,8.8,777,22.7,,2.4,,,,,,
2019-06-19,16,49.2,921,61,,2.1,,,,,,
2019-05-17,9,34.9,629,37,,0.9,,0.009,8,187.2,,
2019-05-17,9,29.2,647,27.5,,0.8,,0.011,11.3,159.1,,
2019-05-07,11,58.5,368,11.7,,1.2,,0.024,15,15,,
2019-05-07,11,56.3,510,11.7,,1.1,,0.023,11,38.7,,
2019-08-12,9,27.7,694,86.7,,1.1,,,,,,
2019-08-12,9,25.5,626,88.2,,1,,,,,,
2019-06-05,9,43.4,876,13.7,,1.9,,,,,,
2019-06-05,9,39,894,12.5,,1.9,,,,,,
2019-06-05,9,26.8,526,19.1,,1.9,,,,,,
2019-06-05,9,31.8,798,21.1,,1.9,,,,,,
2019-06-15,10,39,553,12,,0.7,,,,,,
2019-06-15,10,42.7,593,12.4,,1,,,,,,
2019-06-10,10,57.9,644,43.5,,0.4,,0,0,0,,
2019-06-10,10,61.3,635,36.2,,0.5,,0,0,0,,
2019-06-14,9,35.5,905,12,,1.7,,,,,,
2019-06-14,9,31.7,779,77,,1.9,,,,,,
2019-09-17,9,69,614,16.4,,1.3,,,,,,
2019-09-17,9,77.7,607,9.1,,1.4,,,,,,
2019-09-17,12,39.5,794,33,,1.8,,0.01,16.3,54.7,,
2019-09-17,12,44.9,826,31.6,,1.6,,0.011,14.5,101.3,,
2019-06-10,10,66.2,542,14.6,,0.7,,0,0,0,,
2019-06-10,10,63.6,531,11.8,,1.2,,0,0,0,,
2019-07-22,9,42.2,683,10,,0.8,,0.01,54,150,,
2019-07-22,11,48.8,758,27.1,,0.7,,0.008,32,84.2,,
2019-02-20,11,28.4,562,48.2,,2.2,,0.013,10.8,120.5,,
2019-02-20,11,31.5,566,16.9,,1.8,,0.011,9.8,94.9,,
2019-03-19,10,47.4,556,5.1,,0.8,,0.013,16,85.3,,
2019-03-19,10,51.9,530,10.3,,0.6,,0.018,14,43.9,,
2019-06-22,9,19.5,735,14.5,,0.6,,0.009,21,232.9,,
2019-06-22,9,34.3,1077,40.3,,0.7,,0.009,30,1135.2,,
2019-06-22,8,21,587,19,,1.2,,0.015,28,130.3,,
2019-06-22,8,15.3,978,22.3,,0.8,,0.013,30,237.6,,
2019-04-12,9,44.6,512,8.7,,0.9,,0.018,43,18.9,,
2019-04-12,9,41.1,488,10.3,,0.9,,0.02,19,10.4,,
2019-05-08,8,36.9,832,24.5,,0.5,,0.016,31,370.7,,
2019-05-08,9,33.5,601,35.9,,0.5,,0.013,21,97.5,,
2019-06-07,10,24.8,588,50.2,,1.3,,0.032,38.9,317.3,,
2019-06-07,10,27.3,524,53.1,,1.3,,0.031,45.7,227.2,,
2019-05-27,10,32,320,53,,1.8,,0.014,24.2,94.8,,
2019-05-27,11,30.4,303,47.1,,1.9,,0.018,20.8,61.7,,
2019-03-11,12,35.1,613,21.1,,1.2,,,,,,
2019-03-11,13,30.2,589,8.2,,1.2,,,,,,
2019-03-22,10,33.4,369,16,,0.1,,0.025,34.9,14.3,,
2019-03-22,10,29.7,559,20.1,,0.1,,0.016,48.6,12.6,,
2019-04-12,10,34.2,604,43,,1.3,,,,,,
2019-04-12,10,30.2,613,39.1,,1.6,,,,,,
2019-07-15,8,38,664,28,,0.8,,0.015,18,129.3,,
2019-07-15,8,44.3,665,46.4,,0.9,,0.016,12,225.1,,
2019-07-08,9,58.3,834,24.6,,0.6,,0.009,40,73.6,,
2019-07-08,11,60.2,806,30.5,,0.5,,0.01,51,63.3,,
2019-07-08,13,62.9,872,25.4,,0.5,,0.011,59,99.8,,
2019-07-08,14,56.2,863,25.5,,0.5,,0.01,37,102.6,,
2019-08-16,9,37,641,18.7,,1,,0.012,42,161.6,,
2019-08-16,11,40.3,639,20.8,,1.1,,0.013,36,188.1,,
2019-07-12,10,45.5,803,23.2,,0.6,,0.008,38,33.8,,
2019-07-12,11,52.9,885,22.9,,1,,0.01,38,42.4,,
2019-06-03,10,35.7,714,70.2,,0.7,,,,,,
2019-06-03,10,30.8,769,60.5,,0.6,,,,,,
2019-06-20,9,63.7,526,34.6,,0.6,,0.012,51,1074.5,,
2019-06-20,9,64.2,914,72.3,,0.6,,0.011,64,760.2,,
2019-04-17,9,38.5,928,5.5,,0.5,,,,,,
2019-04-17,9,40.1,616,7.9,,0.4,,,,,,
2019-06-17,10,55.7,287,7.7,,1.9,,,,,,
2019-06-17,10,52.5,367,14.9,,2.4,,,,,,
2019-06-12,10,45.1,725,26,,0.8,,,,,,
2019-06-12,10,37.6,693,26.9,,0.6,,,,,,
2019-10-15,15,52.2,722,86.1,,0.7,,,,,,
2019-10-15,15,61.9,647,62.6,,0.5,,,,,,
2019-03-08,9,32.4,893,32.2,,2,,0.037,20.2,55,,
2019-03-08,9,26.4,853,80.5,,1.9,,0.031,19.4,42.2,,
2019-06-12,9,49.3,568,22.6,,0.7,,,,,,
2019-06-12,9,52.7,600,37.4,,0.5,,,,,,
2019-06-14,10,66.6,515,26.3,,0.7,,0.01,54,588.4,,
2019-06-14,10,61.5,486,38.1,,0.3,,0.006,44,819.2,,
2019-06-14,10,58.5,624,43.2,,0.4,,0.012,49,294.9,,
2019-06-14,10,56,621,32.1,,0.7,,0.007,61,468.2,,
2019-06-17,9,24.2,566,19,,2.7,,0.019,16.8,119.3,,
2019-06-17,9,14.2,516,16.2,,2.9,,0.026,21.3,111.5,,
2019-06-19,10,50.3,809,18.4,,2.3,,0.026,16,92.7,,
2019-06-19,10,22.6,575,29,,2.9,,0.031,14.3,116.5,,
2019-07-26,14,56,738,25.7,,1.6,,0.036,21,436.3,,
2019-07-26,15,59.2,728,23.5,,1.4,,0.027,20.6,1421.1,,
2019-06-28,10,61.6,556,12.1,,0.3,,,,,,
2019-06-28,10,60.2,733,30.2,,0.6,,,,,,
2019-09-18,9,54.9,616,8.7,,0.8,,0.017,10,188,,
2019-09-18,10,60.3,541,12.7,,0.7,,0.014,13,61.4,,
2019-06-28,10,59.2,556,14.8,,0.4,,0.012,7,159,,
2019-06-28,10,62.7,783,38.8,,0.3,,0.013,11,264.4,,
2019-06-13,10,55.4,374,27.6,,2.5,,0.039,22.9,139.4,,
2019-06-13,10,32.8,589,19.8,,2.9,,0.032,21.3,96.9,,
2019-03-08,10,51.9,561,9.6,,1.9,,0.034,15.3,27.1,,
2019-03-08,10,37.8,919,34.8,,1.9,,0.037,22.3,86,,
2019-06-12,18,59.1,522,39.5,,0.9,,0.009,25,410,,
2019-06-12,9,58,503,29.7,,0.6,,0.014,63,319.2,,
2019-06-12,9,35.2,787,64.2,,0.6,,,,,,
2019-06-12,9,39.1,656,28.3,,0.8,,,,,,
2019-06-28,10,53.3,661,41.8,,0.9,,,,,,
2019-06-28,11,56.6,644,20.9,,1,,,,,,
2019-05-03,9,40.8,896,18.5,,0.7,,0.031,17.7,94,,
2019-05-03,9,49.8,675,24.3,,0.6,,0.032,15.5,18.7,,
2019-06-20,10,60.3,867,72,,0.7,,,,,,
2019-06-20,10,57.1,959,30.8,,0.8,,,,,,
2019-06-13,10,25.3,569,54.9,,0.8,,,,,,
2019-06-13,10,39.7,751,61.6,,0.7,,,,,,
2019-06-18,13,40,812,35.7,,0.5,,,,,,
2019-06-18,13,44.4,782,30.3,,0.7,,,,,,
2019-05-16,10,39,560,28.9,,1.1,,0.012,8.7,298.5,,
2019-05-16,10,45.2,602,27.4,,1.3,,0.017,8.2,74.1,,
2019-06-28,11,30.1,482,26.5,,0.6,,0.017,45,63.1,,
2019-06-28,19,13,490,33.2,,0.7,,0.021,46.6,46.9,,
2019-07-05,8,43.6,791,34.7,,0.5,,0.012,48.3,391.2,,
2019-07-05,9,38,753,36.1,,0.6,,0.014,42.1,395.4,,
2019-12-26,9,37.7,619,11.5,,1.5,,,,,,
2019-12-26,9,36.9,583,7.8,,1.1,,,,,,
2019-06-13,11,35.7,835,71.1,,1.8,,,,,,
2019-06-13,11,32.9,856,67.7,,1.1,,,,,,
2019-03-28,11,30.9,472,13.4,,1.1,,,,,,
2019-03-28,11,29.5,951,19.6,,1.3,,,,,,
2019-06-18,18,44.3,649,18.5,,0.8,,,,,,
2019-06-18,18,40.2,593,18.6,,0.7,,,,,,
2019-06-18,18,42.1,630,12.8,,0.8,,,,,,
2019-06-18,18,38.9,708,18,,0.8,,,,,,
2019-06-21,9,52.9,831,34.3,,0.8,,0.013,19.3,169.4,,
2019-06-21,9,54,887,29.3,,0.9,,0.01,15.9,129,,
2019-05-10,10,39.2,657,45.4,,0.5,,0.016,31.9,247,,
2019-05-10,10,35,623,22.3,,0.5,,0.014,26.1,160.9,,
2019-05-09,9,42,890,4.6,,0.4,,0.016,31.5,83.6,,
2019-05-09,9,44.2,830,4.5,,0.4,,0.014,22.3,203,,
2019-06-21,10,39.5,582,34.6,,0.6,,0.01,13.3,68.7,,
2019-06-21,10,50.2,691,37.9,,0.6,,0.016,20.7,82.2,,
2019-03-27,9,62.8,524,10.3,,0.6,,0.017,,22,,
2019-03-27,10,66.2,482,9.8,,0.5,,0.015,,21.8,,
2019-07-23,10,47.2,778,14,,1.2,,,,,,
2019-07-23,11,43.8,682,9.2,,0.8,,,,,,
2019-06-07,9,37.4,712,238.6,,0.6,,,,,,
2019-06-07,10,43,730,54.9,,0.5,,,,,,
2019-06-12,9,40.2,537,18.1,,2.5,,,,,,
2019-06-12,10,27.3,540,26.4,,2.3,,,,,,
2019-04-08,10,42.6,648,4.1,,0.3,,,,,,
2019-04-08,10,47.7,656,4.4,,0.4,,,,,,
2019-06-26,17,21.7,884,21.6,,3.8,,,,,,
2019-06-26,17,31.2,972,27.9,,3.1,,,,,,
2019-06-07,9,36.4,759,13.3,,1.2,,,,,,
2019-06-07,9,36.3,771,18.9,,1.1,,,,,,
2019-05-21,15,52.4,689,31.5,,1.7,,0.008,,42.4,,
2019-05-21,15,48.2,726,48.7,,1.7,,0.011,,101.3,,
2019-06-12,8,52.7,789,17.3,,0.6,,,,,,
2019-06-12,8,43.8,734,17.9,,0.6,,,,,,
2019-07-17,8,51.3,830,61.9,,0.5,,,,,,
2019-07-17,8,49.8,589,61.8,,0.5,,,,,,
2019-06-21,9,44,695,53.9,,0.5,,0.019,17.1,307.9,,
2019-06-21,9,43.6,680,99.5,,0.5,,0.019,31.2,342.4,,
2019-03-29,10,21.8,754,14.7,,2.2,,0.029,24.8,48.2,,
2019-03-29,10,19.6,878,18.2,,2.1,,0.024,22.1,161.6,,
2019-03-21,9,26.6,467,4.2,,1.4,,0.021,,7.5,,
2019-03-21,9,28.7,452,4.5,,1.1,,0.02,,3.1,,
2019-06-27,10,15.4,872,18.6,,0.5,,0,0,0,,
2019-06-27,10,11.1,916,38.7,,0.8,,0,0,0,,
2019-05-31,10,50.5,540,18.5,,0.9,,0.027,25.3,101.7,,
2019-05-31,10,43.1,509,14.1,,1,,0.029,38.3,42.7,,
2019-06-27,10,46.1,477,14.9,,0.9,,,,,,
2019-06-27,10,53.7,495,44.5,,1,,,,,,
2019-06-26,10,45.2,524,17.6,,1.5,,0.023,18.5,0,,
2019-06-26,10,39,500,9,,1.5,,0.024,22.2,0,,
2019-06-26,10,40.2,484,25.7,,1.9,,,,,,
2019-06-26,10,46.6,523,10.6,,1.9,,,,,,
2019-06-24,9,23.6,723,70.1,,0.2,,0.012,27.2,97.4,,
2019-06-24,9,21.3,679,38.2,,0.2,,0.012,23.7,102.1,,
2019-06-12,11,69.4,428,29.1,,1.3,,0.022,12,466.2,,
2019-06-12,11,51.7,452,74.8,,1,,0.021,15,297.5,,
2019-04-02,10,30.3,587,6.5,,0.7,,,,,,
2019-04-02,10,19.7,623,3.6,,0.7,,,,,,
2019-04-10,15,32.7,641,37.6,,0.9,,,,,,
2019-04-10,15,30.1,626,84.8,,1.2,,,,,,
2019-04-26,9,60.6,742,35.3,,0.7,,,,,,
2019-04-26,9,56.8,602,51.5,,0.6,,,,,,
2019-06-24,9,34.1,524,37.6,,0.8,,0,0,0,,
2019-06-24,9,19.4,491,37.2,,0.7,,0,0,0,,
2019-09-24,14,13.8,559,21.5,,0.4,,,,,,
2019-09-24,14,19.7,515,25.9,,0.6,,,,,,
2019-06-04,9,42.3,585,50.2,,1.2,,,,,,
2019-06-04,9,37.8,593,52.7,,1.1,,,,,,
2019-05-24,9,75.7,527,54.3,,0.7,,0.03,21.4,162.7,,
2019-05-24,9,65.4,531,26.5,,0.8,,0.032,26.6,119.1,,
2019-02-22,10,78.1,672,27.2,,3.7,,,,,,
2019-02-22,10,109.3,597,23,,2.9,,,,,,
2019-04-08,10,34,396,11.2,,1.8,,,,,,
2019-04-08,10,28.1,417,10.9,,1.8,,,,,,
2019-06-11,14,32.4,851,82.6,,1.5,,0.023,76.6,109.1,,
2019-06-11,14,36.7,883,93.4,,2.5,,0.019,114.7,116.5,,
2019-09-23,13,27.1,732,13.2,,3.3,,0.028,19.7,32.9,,
2019-09-23,14,23.7,481,9.4,,1.6,,0.022,16.3,119.2,,
2019-07-18,10,111.3,452,56.8,,1.2,,0.02,30,62.6,,
2019-07-18,10,125.1,419,58.7,,1.2,,0.018,41,45.1,,
2019-03-27,10,62.4,580,26.4,,1.4,,0.038,14.3,57.3,,
2019-03-27,10,68,495,19.3,,0.8,,0.049,15.1,137.8,,
2019-05-31,9,42.3,567,11.7,,1,,,,,,
2019-05-31,9,39.3,576,22.3,,1,,,,,,
2019-04-26,10,46.6,653,10.3,,0.7,,,,,,
2019-04-26,10,40.6,558,22.5,,0.9,,,,,,
2019-06-07,13,37.5,703,92.9,,0.8,,,,,,
2019-06-07,14,39.2,532,40.7,,0.4,,,,,,
2019-04-05,9,35.7,574,13.2,,1.3,,0.02,8,30.1,,
2019-04-05,9,39.4,931,19.8,,1.3,,0.019,6,86.8,,
2019-06-27,19,20.6,840,43.5,,0.7,,0,0,0,,
2019-06-27,11,30.2,862,102,,0.3,,0,0,0,,
2019-06-17,13,32.4,732,56.7,,1.4,,0.024,21.8,218.2,,
2019-06-17,13,65,697,43.8,,1.4,,0.018,13.3,339.5,,
2019-05-14,9,49.3,847,38.5,,0.8,,0.013,12.6,276,,
2019-05-14,9,53.4,486,17.6,,0.7,,0.006,8.9,451.5,,
2019-06-27,9,21.9,798,46.8,,0.9,,0.012,12.2,279.9,,
2019-06-27,9,17.1,736,34.3,,1.1,,0.016,20.4,265.2,,
2019-03-05,9,30.9,511,15.8,,0.4,,0.004,48.1,86.8,,
2019-03-05,9,51.6,884,11.7,,0.7,,0.006,37,114.9,,
2019-06-26,9,45.3,437,13.4,,0.5,,0.004,24,392.7,,
2019-06-26,9,47,529,21.6,,0.6,,0.004,29,341.9,,
2019-06-26,9,43.2,357,22.7,,0.4,,0.004,24,428.3,,
2019-06-26,9,44.5,433,10.3,,0.5,,0.005,20,459.3,,
2019-06-12,9,34.5,599,98.3,,0.6,,,,,,
2019-06-12,9,76.9,504,76.5,,0.7,,,,,,
2019-03-06,10,27.3,557,9.7,,3.7,,0.023,12.3,11,,
2019-03-06,10,31.6,537,10.5,,2.2,,0.024,8.6,41.3,,
2019-04-30,10,44.6,609,7.3,,2.6,,,,,,
2019-04-30,10,40.7,721,7.3,,2.3,,,,,,
2019-06-26,9,81.2,563,85.6,,0.8,,,,,,
2019-06-26,10,70.7,528,26.9,,0.8,,,,,,
2019-06-25,9,48.3,328,64.4,,0.9,,,,,,
2019-06-25,9,98.9,319,63.6,,1.1,,,,,,
2019-05-09,9,23.9,452,18.4,,1.6,,0.017,31.4,12.7,,
2019-05-09,9,40.2,323,7.6,,1.8,,0.013,16.1,9.6,,
2019-05-17,10,12.8,393,9.3,,0.3,,,,,,
2019-05-17,10,17.6,502,7.8,,0.5,,,,,,
2020-01-14,10,51.3,553,8.5,,1,,0.044,5,3.7,,
2020-02-05,14,45.1,924,5.5,,0.7,,0.039,31,30.6,,
2019-12-02,9,38.2,579,1.9,,0.9,,,,,,
2019-12-02,9,33.4,556,2.2,,1,,,,,,
2019-07-29,11,10.3,784,73.8,,3.2,,0.007,39.2,1132.1,,
2019-07-29,11,21.7,497,8.6,,3.2,,0.004,9.9,363.5,,
2019-04-19,9,47.2,675,48.9,,4.9,,,,,,
2019-04-19,9,42.6,688,62.9,,1.2,,,,,,
